{"cameraMode":{"drawMode":0,"name":"Shaded","section":"Shading Mode"},"sceneLighting":true,"audioPlay":false,"sceneViewState":{"showFog":true,"showMaterialUpdate":true,"showSkybox":false,"showFlares":true,"showImageEffects":true,"showParticleSystems":true},"in2DMode":false,"pivot":{"x":0.23770904541015626,"y":-2.09033203125,"z":-2.60595703125},"rotation":{"x":-0.4335819184780121,"y":0.01107989251613617,"z":-0.0053316280245780949,"w":-0.9010310173034668},"size":1.7173861265182496,"orthographic":true}