{"cameraMode":{"drawMode":0,"name":"Shaded","section":"Shading Mode"},"sceneLighting":true,"audioPlay":false,"sceneViewState":{"showFog":true,"showMaterialUpdate":true,"showSkybox":false,"showFlares":true,"showImageEffects":true,"showParticleSystems":true},"in2DMode":false,"pivot":{"x":0.8354034423828125,"y":-1.9296875,"z":-2.404296875},"rotation":{"x":-0.36477407813072207,"y":-0.022067459300160409,"z":0.008648226968944073,"w":-0.9307951331138611},"size":15.252936363220215,"orthographic":true}